en,darija
Hello,Salam Aleikum
Hi,Salam
Good morning,Sba7 lkhir
Good evening,Masa2 lkhir
How are you?,Labas 3lik?
I am fine,Ana bikhir
What is your name?,Chno smitek?
My name is,Smiyti
My name,Smiyti
Your name,Smitek
His name,Smiytu
Her name,Smiytha
Our name,Smiytna
Their name,Smiythum
Your names,Smitekum
Where are you from?,Mnin nta?
I am from,Ana mn
You are from,Nta mn
He is from,Huwa mn
She is from,Hiya mn
We are from,7na mn
They are from,Huma mn
You all are from,Ntouma mn
Thank you,Shukran
You're welcome,3afouan
Please,3afak
Yes,Ah
No,La
I don't understand,Ma fhemtch
Can you help me?,T9dr t3awenni?
Can he help me?,I9dr i3awenni?
Can she help me?,T9dr t3awenni?
Can they help me?,I9drou i3awenouni?
Can you all help me?,T9drou t3awenouni?
Can i help you?,N9dr n3awnek?
Can i help him?,N9dr n3awnou?
Can i help her?,N9dr n3awenha?
Can i help them?,N9dr n3awenhoum?
Can i help you all?,N9dr n3awenkoum?
I need,Khassni
I am hungry,Fiya ljou3
I am tired,Ana 3yan
I have pain,kaydarni
Call,3ayet
Where is,Fin kayen
How much is this?,Bshhal hada?
It is expensive,Ghali
They are expensive,Ghaliyin
It is cheap,Rkhis
They are cheap,Rkhass
I want to buy this,Bghit neshri hadchi
You want to buy this,Bghiti teshri hadchi
He wants to buy this,Bgha yeshri hadchi
She wants to buy this,Bghat teshri hadchi
We want to buy this,Bghina neshriw hadchi
They want to buy this,Bghaw ishriw hadchi
You all want to buy this,Bghitou teshriw hadchi
I want to go home,Bghit nmshi ldar
You want to go home,Bghiti tmshi ldar
He wants to go home,Bgha imshi ldar
She wants to go home,Bghat tmshi ldar
We want to go home,Bghina nmshiw ldar
They want to go home,Bghaw imshiw ldar
You all want to go home,Bghitou tmshiw ldar
student,tilmid
the student,ltilmid
students,talamid
the students,ltalamid
I am a student,Ana tilmid
you are a student,nta tilmid
he is a student,huwa tilmid
she is a student,hiya tilmida
we are students,7na talamid
they are students,huma talamid
you all are students,ntouma talamid
I study,Kanqra
You study,Katqra
He studies,Kayqra
She studies,Katqra
We study,Kanqraw
They study,Kayqraw
You all study,Katqraw
See you later,Nshofk mn b3d
Good night,Tsbah 3la khir
Congratulations,Mabrouk
Happy birthday,Eid milad sa3id
I love,Kanbghi
Can we start?,Wash nbdaw?
Wait a moment,Tsenna chwia
I am learning darija,Ana kant3lm darija
This is very good,Hada zwin bzzaf
Have a nice day,Nhar sa3id
today,lyoum
yesterday,lbare7
tomorrow,ghedda
Monday,ltnin
Tuesday,ltlat
Wednesday,larba3
Thursday,lkhmis
Friday,ljom3a
Saturday,lsbt
Sunday,l7ad
January,chehar wa7ed
February,chehar juj
March,chehar tlata
April,chehar rb3a
May,chehar khamsa
June,chehar stta
July,chehar sb3a
August,chehar tmnya
September,chehar ts3od
October,chehar 3shra
November,chehar hdash
December,chehar tnnash
me,ana
you,nta
he,huwa
she,hiya
we,7na
they,huma
myself,rassi
yourself,rask
himself,rassu
herself,rasseha
ourselves,rassna
themselves,rasshum
with me,m3aya
with you,m3ak
with him,m3ah
with her,m3aha
with us,m3ana
with you all,m3akum
with them,m3ahum
how,kifash
what,chno
where,fin
when,fo9ash
why,3lach
who,shkun
which,achmen
bread,khobz
the bread,lkhobz
milk,7lib
the milk,l7lib
juice,3assir
the juice,l3assir
sugar,skkar
the sugar,lskkar
salt,mel7a
the salt,lmel7a
the table,ltabla
table,tabla
tables,tablat
the tables,ltablat
the chair,lkursi
chair,kursi
the gym,la salle
gym,salle
swimming pool,piscine
the swimming pool,lpiscine
school,mdrasa
the school,lmdrasa
the book,lktab
book,ktab
pen,stylo
the pen,lstylo
the phone,ltilifoun
phone,tilifoun
the computer,l7asoub
computer,7asoub
pencil,9alam
the pencil,l9alam
cup,kas
the cup,lkas
the glass,lkas
glass,kas
towel,fota
the towel,lfota
bed,frash
the bed,lfrash
the door,lbab
door,bab
the window,lcherjem
window,cherjem
the bag,lsak
bag,sak
the key,lsarout
key,sarout
the shirt,l9amija
shirt,9amija
the pants,lserwal
pants,serwal
the shoes,lsebbat
shoes,sebbat
the cat,l9att
cat,9att
the dog,lkelb
dog,kelb
the house,ldar
house,dar
the car,ltomobil
car,tomobil
the tree,lshajara
tree,shajara
the water,lma
water,lma
the food,lmakla
food,makla
the friend,ls7ab
friend,s7ab
the family,l3a2ila
family,3a2ila
the love,l7ob
love,7ob
the peace,lsalam
peace,salam
happiness,sa3ada
the hapiness,lsa3ada
sadness,7ouzn
the sadness,l7ouzn
anger,3assab
the anger,l3assab
fear,khowf
the fear,lkhowf
the joy,lfar7a
joy,far7a
world,3alam
the world,l3alam
live,3ish
the life,l7ayat
death,mawt
the death,lmawt
chose,khtar
choice,ikhtiyar
the choice,l2ikhtiyar
be careful,3andek
be quiet,skout
be patient,sbar
be,koun
lift,hez
run,jri
I run,kanjri
you run,katjri
he runs,kayjri
she runs,katjri
we run,kanjriw
they run,kayjriw
walk,tmecha
I walk,kantmecha
you walk,katmecha
he walks,kaytmecha
she walks,katmecha
we walk,kantmechaw
they walk,kaytmechaw
jump,ne9ez
I jump,kanne9ez
you jump,katne9ez
he jumps,kayne9ez
she jumps,katne9ez
we jump,kanne9ezu
they jump,kayne9ezu
swim,3oum
I swim,kan3oum
you swim,kat3oum
he swims,kay3oum
she swims,kat3oum
we swim,kan3oumou
they swim,kay3oumou
fly,ter
I fly,kanter
you fly,kat'ter
he flies,kayter
she flies,kat'ter
we fly,kanterou
they fly,kayterou
eat,koul
I eat,kanakoul
you eat,katakoul
he eats,kayakoul
she eats,katakoul
we eat,kanaklou
they eat,kayaklou
drink,shrob
I drink,kanshrob
you drink,katshrob
he drinks,kayshrob
she drinks,katshrob
we drink,kanshrbou
they drink,kayshrbou
sleep,n3as
I sleep,kan'n3as
you sleep,katn3as
he sleeps,kayn3as
she sleeps,katn3as
we sleep,kan'n3sou
they sleep,kayn3sou
laugh,d7ak
I laugh,kand7ak
you laugh,katd7ak
he laughs,kayd7ak
she laughs,katd7ak
we laugh,kand7kou
they laugh,kayd7kou
cry,bki
I cry,kanbki
you cry,katbki
he cries,kaybki
she cries,katbki
we cry,kanbkiw
they cry,kaybkiw
the time,lwa9t
time,wa9t
the day,lnhar
day,nhar
the night,l'il
night,l'il
the week,lsimana
week,simana
the month,lchehar
month,chehar
the year,l3am
year,3am
forget,nsa
I forget,kansa
you forget,katnsa
he forgets,kaynsa
she forgets,katnsa
we forget,kan'nsaw
they forget,kaynsaou
remember,39el
I remember,kan39el
you remember,kat39el
he remembers,kay39el
she remembers,kat39el
we remember,kan39lou
they remember,kay39lou
speak,hder
I speak,kanhdar
you speak,kathdar
he speaks,kayhdar
she speaks,kathdar
we speak,kanhadrou
they speak,kayhdrou
listen,sma3
I listen,kansma3
you listen,katsma3
he listens,kaysma3
she listens,katsma3
we listen,kansam3ou
they listen,kaysam3ou
write,kteb
I write,kankteb
you write,katkteb
he writes,kaykteb
she writes,katkteb
we write,kanketbou
they write,kayketbou
read,9ra
I read,kan9ra
you read,kat9ra
he reads,kay9ra
she reads,kat9ra
we read,kan9raw
they read,kay9raw
I want to tell you,bghit ngoul lik
I want to tell him,bghit ngoul lih
I want to tell her,bghit ngoul liha
I want to tell them,bghit ngoul lihum
I want to tell you all,bghit ngoul likum
I want to do,bghit ndir
I want to go,bghit nmshi
I want to see,bghit nshouf
I want to eat,bghit nakoul
I want to drink,bghit nshrob
I want to sleep,bghit n'n3as
I want to laugh,bghit nd7ak
I want to cry,bghit nbki
I want to forget,bghit n'nsa
I want to remember,bghit n39el
I want to speak,bghit nhder
I want to listen,bghit nsma3
I want to write,bghit nkteb
I want to read,bghit n9ra
I want you to tell me,bghitek tgoul liya
I want him to tell me,bghitou ygoul liya
I want her to tell me,bghitha tgoul liya
I want them to tell me,bghithoum ygoulou liya
I want you all to tell me,bghitekoum tgoulou liya
I want you to tell him,bghitek tgoul lih
I want you to tell her,bghitek tgoul liha
I want you to tell them,bghitek tgoul lihum
I want her to tell him,bghitha tgoul lih
I want her to tell her,bghitha tgoul liha
I want her to tell them,bghitha tgoul lihum
I want them to tell him,bghithoum ygoulou lih
I want them to tell her,bghithoum ygoulou liha
I want them to tell them,bghithoum ygoulou lihum
who wants,shkun bgha
what you want,chno bghiti
what he want,chno bgha
what she want,chno bghat
what we want,chno bghina
what they want,chno bghaw
what you all want,chno bghitou
Can you repeat,t9dr t3awed
Can you speak slowly,t9dr thder bchwiya
Can you write it?,t9dr tktebha?
Can you show me?,t9dr twerrini?
Can you explain?,t9dr tchra7?
Can you come?,t9dr tji?
Can you wait?,t9dr tsenna?
Can you wait for me?,t9dr tsennani?
Can you wait for him?,t9dr tsennah?
Can you wait for her?,t9dr tsennaha?
Can you wait for them?,t9dr tsennahum?
Can you wait for us?,t9dr tsennana?
Can i wait for you?,n9dr ntsennak?
Can i wait for him?,n9dr ntsennah?
Can i wait for her?,n9dr ntsennaha?
Can i wait for them?,n9dr ntsennahum?
Can i wait for you all?,n9dr ntsennakum?
Can he wait for me?,i9der itsennani?
Can he wait for you?,i9der itsennak?
Can he wait for her?,i9der itsennaha?
Can he wait for them?,i9der itsennahum?
Can he wait for us?,i9der itsennana?
Can she wait for me?,t9der t'tsennani?
Can she wait for you?,t9der t'tsennak?
Can she wait for him?,t9der t'tsennah?
Can she wait for them?,t9der t'tsennahum?
Can she wait for us?,t9der t'tsennana?
Can we wait for you?,n9dro ntsennawk?
Can we wait for him?,n9dro ntsennawh?
Can we wait for her?,n9dro ntsennawha?
Can we wait for them?,n9dro ntsennawhum?
Can we wait for you all?,n9dro ntsennawkum?
Can they wait for me?,i9dro itsennanwi?
Can they wait for you?,i9dro itsennawk?
Can they wait for him?,i9dro itsennawh?
Can they wait for her?,i9dro itsennawha?
Can they wait for us?,i9dro itsennawna?
Can they wait for you all?,i9dro itsennawkum?
Can you call me?,t9dr t3ayet liya?
Can you call him?,t9dr t3ayet lih?
Can you call her?,t9dr t3ayet liha?
Can you call them?,t9dr t3ayet lihum?
Can you call us?,t9dr t3ayet lina?
I am busy,ana mashghoul
I am ready,ana wajed
I am late,ana m3atel
Come here,aji lhna
Go there,sir lhih
Sit down,gles
Stand up,noud
Open the door,7el lbab
Close the door,sedd lbab
Turn on the light,sh3el ddo
Turn off the light,tfi ddo
Where you live?,fin katskon?
Where he live?,fin kayskon?
Where she live?,fin katskon?
Where we live?,fin kanseknou?
Where they live?,fin kayseknou?
Where you all live?,fin katseknou?
What are you doing?,chno katdir?
What is he doing?,chno kaydir?
What is she doing?,chno katdir?
What are we doing?,chno kandirou?
What are they doing?,chno kaydirou?
What are you all doing?,chno katdirou?
Who is he?,Chkoun hada?
Who is she?,Chkoun hadi?
Who are we?,Chkoun 7na?
Who are they?,Chkoun huma?
Who are you all?,Chkoun ntouma?
Who am i?,Chkoun ana?
Why am i here?,3lach ana hna?
Why is he here?,3lach huwa hna?
Why is she here?,3lach hiya hna?
Why are we here?,3lach 7na hna?
Why are they here?,3lach huma hna?
Why are you all here?,3lach ntouma hna?
Why are you here?,3lach nta hna?
When will you come?,fo9ash ghadi tji?
How much you want?,Ch7al bghiti?
sleep well,tsbah 3la khir
pay,kheless
I pay,kan kheless
you pay,kat kheless
he pays,kay kheless
she pays,kat kheless
we pay,kan khelessou
they pay,kay khelessou
you all pay,kat khelessou
to go,msha
I go,kanmshi
you go,katmshi
he goes,kaymshi
she goes,katmshi
we go,kanmshiw
they go,kaymshiw
you all go,katmshiw
to come,ja
I come,kanji
you come,katji
he comes,kayji
she comes,katji
we come,kanjiw
they come,kayjiw
you all come,katjiw
to do,dar
I do,kandir
you do,katdir
he does,kaydir
she does,katdir
we do,kandirou
they do,kaydirou
you all do,katdirou
to see,chaf
I see,kanchouf
you see,katchouf
he sees,kaychouf
she sees,katchouf
we see,kanchoufou
they see,kaychoufou
you all see,katchoufou
look for,qelleb 3la
I am look for,kanqelleb 3la
you are look for,katqelleb 3la
he is looking for,kayqelleb 3la
she is looking for,katqelleb 3la
we are looking for,kanqellbou 3la
they are looking for,kayqellbou 3la
you all are looking for,katqellbou 3la
search,9elleb
I search,kan9elleb
you search,kat9elleb
he searches,kay9elleb
she searches,kat9elleb
we search,kan9ellebou
they search,kay9ellebou
you all search,kat9ellebou
to work,khdem
I work,kan khdem
you work,kat khdem
he works,kay khdem
she works,kat khdem
we work,kan khedmou
they work,kay khedmou
you all work,kat khedmou
Excuse me,Sma7 liya
Sorry,Sma7 liya
No problem,Machi mochkil
Of course,ma3loum
Maybe,Wa9ila
I think,Kandonn
you think,Katdonn
he thinks,Kaydonn
she thinks,Katdonn
we think,Kandonnou
they think,Kaydonnou
you all think,Katdonnou
to stay,b9a
I stay,kanb9a
you stay,katb9a
he stays,kayb9a
she stays,katb9a
we stay,kanb9aw
they stay,kayb9aw
you all stay,katb9aw
I agree,ana mtafe9
You agree,nta mtafe9
He agrees,huwa mtafe9
She agrees,hiya mtafe9a
We agree,7na mtafe9in
They agree,huma mtafe9in
You all agree,ntouma mtafe9in
I disagree,ana Mamtaf9ch
You disagree,nta Mamtaf9ch
He disagrees,huwa Mamtaf9ch
She disagrees,hiya Mamtaf9ach
We disagree,7na Mamtaf9inch
They disagree,huma Mamtaf9inch
You all disagree,ntouma Mamtaf9inch
That’s right,Hadchi sa7i7
That’s wrong,Hadchi ghalat
It depends,3la 7sab
Don’t worry,Matkhafch
Take care of yourself,thella frassek
Welcome,Mar7ba
What’s up?,Ash khbarek?
Nothing,Walo
Everything is fine,Koulchi bikhir
Are you sure?,Wash mta2aked?
Am i sure?,Wash ana mta2aked?
Is he sure?,Wash huwa mta2aked?
Is she sure?,Wash hiya mta2akda?
Are we sure?,Wash 7na mta2akdin?
Are they sure?,Wash huma mta2akdin?
Are you all sure?,Wash ntouma mta2akdin?
I am sure,Ana mta2aked
That’s interesting,Hadchi mohim
That’s funny,Hadchi moud7ek
That’s strange,Hadchi gharib
Really?,Bssa7?
Exactly,Bddabt
Not really,Machi bezzaf
Not a lot,Machi bezzaf
A little,Chwia
Enough,Safi
Almost,9rib
Again,marra okhra
Try again,7awel marra okhra
One more time,Marra okhra
Slow down,Bchwiya 3lik
Hurry up,Serbi
Wait here,Tsenna hna
Follow me,Tba3ni
Leave me alone,Khallini fti9ar
Come with me,Aji m3aya
go with him,sir m3ah
go with her,sir m3aha
go with us,sir m3ana
go with them,sir m3ahum
Let’s go,Yallah
Stop,W9ef
Look,Chouf
Listen to me,Sma3ni
Listen to him,Sma3 lih
Listen to her,Sma3 liha
Listen to us,Sma3 lina
Listen to them,Sma3 lihum
Listen to you all,Sma3 likum
Tell me,Goul liya
Tell him,Goul lih
Tell her,Goul liha
Tell us,Goul lina
Tell them,Goul lihum
Tell you all,Goul likum
Show me,Werini
Give me,3tini
Take this,Khod hadchi
Bring it,Jibou
Put it here,Hettou hna
Take it away,Hiydou
Open it,7ellou
Close it,Seddou
Turn right,Dour limn
Turn left,Dour lissar
Go straight,Sir nishan
It’s far,B3id
It’s close,9rib
Right here,Hna
Over there,Lhih
Inside,Dakhel
Outside,Bra
Up,Fo9
Down,Ta7t
Before,9bel
After,Mn b3d
Later,Mn b3d
Soon,9riban
Always,Dima
Sometimes,Mrat
Never,3emmar
Often,Bzaf lmerat
Rarely,9lil
Morning,Sba7
Evening,Msa
Night,Lil
Today is hot,Lyoum sakhon
Today is cold,Lyoum bard
It’s raining,Katshat
It’s sunny,Kayn chams
I like it,3ajbni
I don’t like it,Makajbni
I prefer,Kanfaddel
Choose one,Khtar wa7ed
What you mean?,Chno kats9sd?
Say it again,3awed goul
Speak louder,3li soutk
I didn’t hear,Masme3tch
I forgot,Nsit
I remember,Dkert
I know,Kant3rf
I don’t know,Makant3rfch
I understand,Daba fhemt
I am confused,Ana m7ayar
That makes sense,Kaybban sah
It’s not okay,Machi mzyan
Be honest,Koun sari7
Tell the truth,Goul l7a9
Don’t lie,Matkdbch
Calm down,Hedda
Relax,Arta7
I am joking,Kand7ek
I am serious,Ana jaddi
No way,Machi mumkin
That’s possible,Mumkin
Why not?,3lach la?
Good idea,Fekra mzyana
Bad idea,Fekra khayba
Let me think,Khellini nfakker
I will try,Ghanjarrab
I will come,Ghanji
I will go,Ghanmshi
I will call you,Ghan3ayet lik
I will help you,Ghan3awnek
I will show you,Ghanwerrek
I will tell you,Ghangoul lik
Do it,Dirha
Don’t do it,Matdirhach
Try it,Jarrabha
Finish it,Saliha
Start now,Bda daba
Keep going,Kemmel
Don’t stop,Matw9efch
Be strong,Koun 9awi
Stay here,B9a hna
Go back,Rje3
Move,Te7rek
Sit here,Gless hna
Stand there,Noud lhih
Come back,Rje3 hna
I miss you,Twahchtk
I need help,Khassni mosa3ada
Help me please,3awenni 3afak
Call the police,3ayet lbolis
Call a doctor,3ayet tbib
I am sick,Ana mred
I feel bad,Kanhess bkhayeb
I feel good,Kanhess bikhir
I am lost,Daye3t
Where am i?,Fin ana?
I need directions,Khassni tri9
Which way?,Ashno tri9?
Is it near?,Wash 9rib?
Is it far?,Wash b3id?
How long?,Ch7al lwa9t?
Wait for me,Tsenna lia
I’m coming,Ana jay
I’m leaving,Ana ghadi
See you soon,Nshofk 9riban
Take your time,Khod wa9tek
Be ready,Koun wajed
Are you ready?,Wash wajed?
Let’s begin,Yallah nbdaou
That’s enough,Safi hada
No more,Mab9ach
Just a little,Ghir chwia
All of it,Koulchi
Some of it,Chi menno
What happened?,Ash tari?
What’s wrong?,Ash kayn?
What’s the problem?,Fin mochkil?
Nothing happened,Walo ma tari
Explain more,Zid chrah
Speak clearly,Hder wadih
Don’t forget,Matnsach
Remember this,Dker hadchi
Keep this,Hfed hadchi
Throw it away,Rmiha
Clean this,N9i hadchi
Fix it,Sla7ha
Break it,Hressha
Build it,Bniha
Use it,St3melha
Don’t use it,Matst3melhach
Turn it on,Sh3elha
Turn it off,Tfiha
Charge it,Ch7enha
Save it,Hfedha
Delete it,Mshiha
Send it,Siftou
Receive it,Tselmo
Open the app,7ell lapp
Close the app,Sed lapp
Download it,Telechargiha
Upload it,Uploadiha
Log in,Dkhol
Log out,Khrrej
Search,9elleb
Find it,L9aha
Lost it,Day3ha
Win,Rba7
Lose,Khsar
Try harder,Jarrab ktar
Practice,Tmerren
Learn more,T3ellem ktar
Teach me,3ellmni
Ask me,Soulni
Answer me,Jawbni
Check it,T2eked menno
Verify it,2aked
Confirm it,2eked
Cancel it,Lghiha
Accept it,9belha
Reject it,Rfedha
to want,bgha
I want,bghit
You want,bghiti
He wants,bgha
She wants,bghat
We want,bghina
They want,bghaw
You all want,bghitou
now,daba
flag,drapeau
flags,drapowat
the flag,ldrapeau
the flags,ldrapowat
chairs,krasa
the chairs,lkrasa
to say,goul
I say,kan goul
You say,kat goul
He says,kay goul
She says,kat goul
We say,kan goulou
They say,kay goulou
You all say,kat goulou
to touch,9ass
I touch,kan9ess
You touch,kat9ess
He touches,kay9ess
She touches,kat9ess
We touch,kan9essou
They touch,kay9essou
You all touch,kat9essou
i go,kanmshi
he go,kaymshi
i want to go,nmshi
i want you to go,bghitek tmshi
what i go,chno kanmshi
what you go,chno katmshi
where i go,fin kanmshi
where you go,fin katmshi
why i go,3lash kanmshi
why you go,3lash katmshi
when i go,fou9ach kanmshi
when you go,fou9ach katmshi
how i go,kifach kanmshi
how you go,kifach katmshi
i come,kanji
he come,kayji
i want to come,nji
i want you to come,bghitek tji
what i come,chno kanji
what you come,chno katji
where i come,fin kanji
where you come,fin katji
why i come,3lash kanji
why you come,3lash katji
when i come,fou9ach kanji
when you come,fou9ach katji
how i come,kifach kanji
how you come,kifach katji
i eat,kanakul
you eat,katakul
he eat,kayakul
we eat,kanakulw
they eat,kayakulw
i want to eat,nakul
i want you to eat,bghitek takul
what i eat,chno kanakul
what you eat,chno katakul
where i eat,fin kanakul
where you eat,fin katakul
why i eat,3lash kanakul
why you eat,3lash katakul
when i eat,fou9ach kanakul
when you eat,fou9ach katakul
how i eat,kifach kanakul
how you eat,kifach katakul
i drink,kanshrb
you drink,katshrb
he drink,kayshrb
we drink,kanshrbw
they drink,kayshrbw
i want to drink,nshrb
i want you to drink,bghitek tshrb
what i drink,chno kanshrb
what you drink,chno katshrb
where i drink,fin kanshrb
where you drink,fin katshrb
why i drink,3lash kanshrb
why you drink,3lash katshrb
when i drink,fou9ach kanshrb
when you drink,fou9ach katshrb
how i drink,kifach kanshrb
how you drink,kifach katshrb
i learn,kant3lm
you learn,katt3lm
he learn,kayt3lm
we learn,kant3lmw
they learn,kayt3lmw
i want to learn,nt3lm
i want you to learn,bghitek t3lm
what i learn,chno kant3lm
what you learn,chno katt3lm
where i learn,fin kant3lm
where you learn,fin katt3lm
why i learn,3lash kant3lm
why you learn,3lash katt3lm
when i learn,fou9ach kant3lm
when you learn,fou9ach katt3lm
how i learn,kifach kant3lm
how you learn,kifach katt3lm
i study,kanqra
you study,katqra
he study,kayqra
we study,kanqraw
they study,kayqraw
i want to study,nqra
i want you to study,bghitek tqra
what i study,chno kanqra
what you study,chno katqra
where i study,fin kanqra
where you study,fin katqra
why i study,3lash kanqra
why you study,3lash katqra
when i study,fou9ach kanqra
when you study,fou9ach katqra
how i study,kifach kanqra
how you study,kifach katqra
i read,kanqra
you read,katqra
he read,kayqra
we read,kanqraw
they read,kayqraw
i want to read,nqra
i want you to read,bghitek tqra
what i read,chno kanqra
what you read,chno katqra
where i read,fin kanqra
where you read,fin katqra
why i read,3lash kanqra
why you read,3lash katqra
when i read,fou9ach kanqra
when you read,fou9ach katqra
how i read,kifach kanqra
how you read,kifach katqra
i write,kanktb
you write,katktb
he write,kayktb
we write,kanktbw
they write,kayktbw
i want to write,nktb
i want you to write,bghitek tktb
what i write,chno kanktb
what you write,chno katktb
where i write,fin kanktb
where you write,fin katktb
why i write,3lash kanktb
why you write,3lash katktb
when i write,fou9ach kanktb
when you write,fou9ach katktb
how i write,kifach kanktb
how you write,kifach katktb
i buy,kanshri
you buy,katshri
he buy,kayshri
we buy,kanshriw
they buy,kayshriw
i want to buy,nshri
i want you to buy,bghitek tshri
what i buy,chno kanshri
what you buy,chno katshri
where i buy,fin kanshri
where you buy,fin katshri
why i buy,3lash kanshri
why you buy,3lash katshri
when i buy,fou9ach kanshri
when you buy,fou9ach katshri
how i buy,kifach kanshri
how you buy,kifach katshri
i sell,kanbi3
you sell,katbi3
he sell,kaybi3
we sell,kanbi3w
they sell,kaybi3w
i want to sell,nbi3
i want you to sell,bghitek tbi3
what i sell,chno kanbi3
what you sell,chno katbi3
where i sell,fin kanbi3
where you sell,fin katbi3
why i sell,3lash kanbi3
why you sell,3lash katbi3
when i sell,fou9ach kanbi3
when you sell,fou9ach katbi3
how i sell,kifach kanbi3
how you sell,kifach katbi3
i help,kan3awn
you help,kat3awn
he help,kay3awn
we help,kan3awnw
they help,kay3awnw
i want to help,n3awn
i want you to help,bghitek t3awn
what i help,chno kan3awn
what you help,chno kat3awn
where i help,fin kan3awn
where you help,fin kat3awn
why i help,3lash kan3awn
why you help,3lash kat3awn
when i help,fou9ach kan3awn
when you help,fou9ach kat3awn
how i help,kifach kan3awn
how you help,kifach kat3awn
i understand,kanfhem
you understand,katfhem
he understand,kayfhem
we understand,kanfhemw
they understand,kayfhemw
i want to understand,nfhem
i want you to understand,bghitek tfhem
what i understand,chno kanfhem
what you understand,chno katfhem
where i understand,fin kanfhem
where you understand,fin katfhem
why i understand,3lash kanfhem
why you understand,3lash katfhem
when i understand,fou9ach kanfhem
when you understand,fou9ach katfhem
how i understand,kifach kanfhem
how you understand,kifach katfhem
i wait,kantsenna
you wait,kattsenna
he wait,kaytsenna
we wait,kantsennaw
they wait,kaytsennaw
i want to wait,ntsenna
i want you to wait,bghitek tsenna
what i wait,chno kantsenna
what you wait,chno kattsenna
where i wait,fin kantsenna
where you wait,fin kattsenna
why i wait,3lash kantsenna
why you wait,3lash kattsenna
when i wait,fou9ach kantsenna
when you wait,fou9ach kattsenna
how i wait,kifach kantsenna
how you wait,kifach kattsenna
i start,kanbda
you start,katbda
he start,kaybda
we start,kanbdaw
they start,kaybdaw
i want to start,nbda
i want you to start,bghitek tbda
what i start,chno kanbda
what you start,chno katbda
where i start,fin kanbda
where you start,fin katbda
why i start,3lash kanbda
why you start,3lash katbda
when i start,fou9ach kanbda
when you start,fou9ach katbda
how i start,kifach kanbda
how you start,kifach katbda
i love,kanbghi
you love,katbghi
he love,kaybghi
we love,kanbghiw
they love,kaybghiw
i want to love,nbghi
i want you to love,bghitek tbghi
what i love,chno kanbghi
what you love,chno katbghi
where i love,fin kanbghi
where you love,fin katbghi
why i love,3lash kanbghi
why you love,3lash katbghi
when i love,fou9ach kanbghi
when you love,fou9ach katbghi
how i love,kifach kanbghi
how you love,kifach katbghi
i want,kanbghi
you want,katbghi
he want,kaybghi
we want,kanbghiw
they want,kaybghiw
i want to want,nbghi
i want you to want,bghitek tbghi
what i want,chno kanbghi
what you want,chno katbghi
where i want,fin kanbghi
where you want,fin katbghi
why i want,3lash kanbghi
why you want,3lash katbghi
when i want,fou9ach kanbghi
when you want,fou9ach katbghi
how i want,kifach kanbghi
how you want,kifach katbghi
what i want,chno bghit
where i want,fin bghit
why i want,3lash bghit
when i want,fou9ach bghit
how i want,kifach bghit
where you want,fin bghiti
why you want,3lash bghiti
when you want,fou9ach bghiti
how you want,kifach bghiti
where he want,fin bgha
why he want,3lash bgha
when he want,fou9ach bgha
how he want,kifach bgha
where we want,fin bghina
why we want,3lash bghina
when we want,fou9ach bghina
how we want,kifach bghina
where they want,fin bghaw
why they want,3lash bghaw
when they want,fou9ach bghaw
how they want,kifach bghaw
banana,banana
bananas,bananat
the bananas,bananat
my banana,bananai
your banana,bananaek
his banana,bananau
our banana,bananana
their banana,bananahum
camera,camera
cameras,camerat
the cameras,camerat
my camera,camerai
your camera,cameraek
his camera,camerau
our camera,camerana
their camera,camerahum
pizza,pizza
pizzas,pizzat
the pizzas,pizzat
my pizza,pizzai
your pizza,pizzaek
his pizza,pizzau
our pizza,pizzana
their pizza,pizzahum
city,mdina
cities,mdinat
the cities,mdinat
my city,mdinai
your city,mdinaek
his city,mdinau
our city,mdinana
their city,mdinahum
school,madrasa
schools,madrasat
the schools,madrasat
my school,madrasai
your school,madrasaek
his school,madrasau
our school,madrasana
their school,madrasahum
houses,darat
the houses,darat
my house,dari
your house,darek
his house,daru
our house,darna
their house,darhum
books,ktabat
the books,ktabat
my book,ktabi
your book,ktabek
his book,ktabu
our book,ktabna
their book,ktabhum
phone,telefon
phones,telefonat
the phones,telefonat
my phone,telefoni
your phone,telefonek
his phone,telefonu
our phone,telefonna
their phone,telefonhum
why we wait,3lash kantsennaw
how they learn,kifach kayt3lmw
